author,blush,bronzer,brow_gel,brow_pencil,concealer,eyeliner,eyeshadow,foundation,highlighter,id,lip_balm,lip_gloss,lip_liner,lip_stain,lipstick,mascara,powder,primer,score,keyword
bigonelittleone,N,N,N,N,N,N,N,Y,N,apguub,N,N,N,N,N,N,N,N,5507,natural
akumar15,N,Y,N,N,Y,N,Y,N,Y,aq5t5m,N,N,N,N,Y,Y,Y,Y,6562,natural
taybrittney,N,N,N,Y,N,N,Y,Y,N,ajkdgf,N,N,N,N,Y,N,Y,N,5379,natural
miyukisenpai,Y,N,N,N,N,Y,Y,Y,N,ap03qu,N,N,Y,N,N,Y,N,N,8439,natural
Daftys,Y,Y,Y,Y,Y,N,Y,Y,Y,as3wkn,Y,N,N,N,N,N,Y,Y,7497,natural
purplegiraffezz_,Y,N,Y,N,Y,Y,Y,N,Y,aarpe5,N,N,N,N,N,Y,N,N,4948,natural
adtl_,Y,Y,N,N,Y,N,Y,N,Y,aqves8,N,N,N,N,N,Y,Y,Y,6338,natural
bubbelgumsmupp,N,N,N,N,N,N,Y,N,N,araefr,N,N,Y,N,N,N,Y,Y,4580,natural
Beetunes,Y,N,N,N,N,N,N,N,N,aqpzem,N,N,N,N,N,Y,Y,N,4038,natural
LisaDoan,Y,Y,N,N,Y,Y,Y,Y,N,aopzeo,N,N,N,N,N,Y,Y,Y,396,natural
genredim,Y,N,N,Y,Y,Y,Y,Y,Y,ata8qy,N,Y,N,N,N,Y,Y,N,204,natural
matildapellen,N,Y,N,N,Y,N,N,Y,Y,aketyy,N,N,N,N,N,Y,Y,N,494,natural
spacegurl2021,N,Y,Y,N,Y,N,N,N,Y,ary0kb,N,N,N,N,N,Y,N,N,80,natural
Kiriolivia,Y,Y,Y,N,Y,N,Y,Y,Y,aifbkc,N,N,Y,N,Y,Y,Y,Y,7451,natural
makeupformermaids,N,Y,N,N,N,Y,N,Y,N,aq7l27,Y,N,N,N,Y,Y,Y,N,2425,natural
zkips,Y,N,N,Y,N,N,Y,Y,N,an1b61,N,N,N,N,N,Y,Y,Y,4642,natural
Annabana24,Y,N,N,N,Y,N,Y,Y,N,ap5s8j,N,N,N,N,N,Y,Y,Y,359,natural
seriously__morgan,N,N,N,N,Y,N,N,Y,N,ai45wb,N,N,N,N,N,Y,Y,N,747,natural
taybrittney,N,N,N,Y,N,Y,Y,Y,N,ak4mww,N,Y,Y,N,N,N,Y,N,8169,natural
kenziefrenzie,Y,Y,N,Y,Y,N,N,Y,N,arc4wa,N,N,N,N,N,Y,Y,Y,63,natural
melikeselin,Y,N,N,N,N,N,N,Y,Y,an7igt,N,N,N,N,Y,Y,N,N,112,natural
Thatone94,Y,N,N,N,Y,Y,N,Y,N,aaec9g,N,N,N,N,N,N,Y,N,8574,natural
emayanos,Y,Y,N,N,Y,N,N,Y,Y,amvlpv,N,N,N,N,N,Y,Y,N,1243,natural
peachymorgan,Y,Y,N,Y,N,N,N,Y,N,aqehd6,N,N,N,N,N,Y,Y,Y,639,natural
cynnamonrolls,Y,N,N,Y,N,Y,Y,N,N,aax4ca,N,N,N,N,N,Y,Y,Y,1083,natural
meowgrrr,N,N,N,N,N,N,N,N,N,ajssd0,N,N,N,N,N,N,N,N,416,natural
cotton_candy_cyanide,Y,N,N,N,Y,Y,Y,Y,N,ao4sjo,N,N,N,N,N,Y,Y,Y,1277,natural
juliekers,N,N,N,N,N,N,N,N,Y,aa4ie3,N,N,N,N,N,N,N,N,754,natural
RandomRedditUser1337,Y,Y,N,Y,Y,Y,N,Y,N,aq867f,N,N,N,N,Y,Y,Y,Y,612,natural
OpalOpiates,Y,N,N,N,N,Y,Y,Y,Y,apvfbo,N,N,N,N,N,Y,N,Y,407,natural
unanatkumot,Y,N,N,N,Y,N,N,Y,Y,9xvtjo,N,N,N,N,N,Y,Y,N,5647,natural
iiwanttobelieve_,Y,Y,N,N,Y,N,N,Y,Y,aoczsa,N,N,N,N,Y,Y,Y,Y,432,natural
Hayhayjean,N,N,N,N,N,N,N,N,N,aoz6ew,N,N,N,N,N,N,N,N,503,natural
vandervaria,N,N,N,N,N,N,N,N,N,afuxuq,N,N,N,N,N,Y,N,N,329,natural
YazisQueen,Y,Y,Y,N,Y,Y,N,Y,Y,akijj9,N,N,N,N,Y,Y,Y,Y,1359,natural
Ilovepug95,Y,N,N,N,Y,N,N,N,Y,adoulm,N,N,N,N,N,N,N,N,4726,natural
serendipitous15,N,N,N,N,N,N,N,N,N,aovi9c,N,N,N,N,N,N,N,N,8,natural
friedchicken7115,N,N,Y,N,N,N,N,N,N,afb7tb,N,N,N,N,Y,Y,Y,N,317,natural
Summervillain23,Y,N,Y,N,Y,Y,Y,Y,Y,aey1r5,N,N,Y,N,Y,Y,Y,Y,3213,natural
hotcheetos96,N,N,N,Y,N,Y,N,N,N,an614w,N,N,N,N,N,N,N,N,592,natural
AutoModerator,N,N,N,N,N,N,N,N,N,atcapr,N,N,N,N,N,N,N,N,15,natural
mismashful,N,N,N,N,N,N,N,N,N,atk2jq,N,N,N,N,N,N,N,N,3,natural
TheSpaceKiddet,N,N,N,N,N,N,N,N,N,apwqrh,N,N,N,N,N,N,N,N,77,natural
Artemis-Reincarnated,Y,Y,N,N,N,Y,N,N,Y,akcoiq,N,N,N,N,Y,Y,Y,N,998,natural
rdurham9637,Y,N,N,N,Y,N,N,Y,N,ag19o0,N,N,N,N,Y,Y,Y,Y,1922,natural
sidreaming,N,Y,N,N,Y,N,N,N,N,ar3dz3,N,N,N,N,N,Y,N,N,522,natural
itsyagirldesi,N,N,N,N,Y,N,N,N,N,agmt5f,N,N,N,N,Y,Y,Y,N,330,natural
friedchicken7115,N,N,Y,N,N,N,Y,N,N,alh6q4,N,N,N,N,Y,Y,Y,N,783,natural
cotton_candy_cyanide,Y,N,N,N,Y,Y,Y,Y,N,aqk7f5,N,N,N,N,Y,Y,Y,Y,613,natural
poke-bowl,Y,N,N,N,N,N,Y,Y,Y,a96xk8,N,N,N,N,Y,Y,Y,N,6591,natural
Dreamer101,N,N,Y,N,N,N,N,Y,N,afp39i,N,N,N,N,N,Y,N,N,102,natural
FerromagneticBadger,Y,Y,N,N,N,Y,Y,Y,N,a9ohb3,N,N,N,N,N,Y,Y,Y,4277,natural
can-i-pet-ur-dog,N,N,N,N,N,N,Y,N,N,acxmdg,N,N,N,N,N,Y,N,N,3759,natural
OIOIOIOIOIOIOIO,N,N,N,N,Y,Y,Y,N,N,a2p7xx,N,N,Y,N,Y,Y,N,N,1131,natural
Mochi0726,N,N,N,N,N,N,N,N,N,apj1xm,N,N,N,N,N,N,N,N,3,natural
punchedthebursar_,N,N,N,N,N,N,N,N,N,arn69c,N,N,N,N,N,N,N,N,4,natural
Summervillain23,Y,Y,N,N,Y,Y,Y,Y,N,aeqidz,N,N,Y,N,Y,Y,Y,N,246,natural
celcea,N,N,N,N,N,N,N,N,N,aimjvl,N,N,N,N,N,N,N,N,14,natural
nmuny00,N,N,N,N,Y,Y,Y,Y,N,aof8ju,N,N,N,N,N,N,N,N,223,natural
wayomypotato,Y,N,N,Y,Y,Y,Y,Y,Y,a99qco,N,N,N,N,N,N,Y,Y,4982,natural
phedre,N,N,N,N,N,N,N,N,N,at68xl,N,N,N,N,N,N,N,N,33,natural
cam6688,N,N,Y,Y,Y,Y,Y,Y,N,arb2r2,N,N,N,N,N,Y,N,N,159,natural
ashley419,N,N,N,N,N,N,N,N,N,ar905p,N,N,N,N,N,N,N,N,4,natural
SofterAngel,Y,N,N,N,Y,N,Y,N,N,a5znig,N,N,N,N,N,Y,N,N,5943,natural
mmdrow,Y,Y,N,N,N,N,N,Y,N,astqlm,N,N,N,N,Y,Y,Y,N,57,natural
notoriousOLG,N,N,N,N,N,N,N,N,N,aml3yy,N,N,N,N,N,N,N,N,6,natural
ansa_cor,N,N,N,N,N,N,N,N,N,ap8a0q,N,N,N,N,N,N,N,N,4,natural
juulsd,N,N,N,N,Y,N,Y,Y,Y,ak51r7,N,N,N,N,N,Y,N,N,1072,natural
ashdoesmakeup,N,N,N,N,Y,N,Y,N,Y,aj2cyd,N,N,N,N,N,N,N,N,630,natural
alicegaltrey,N,N,N,N,N,N,N,N,N,asnj5b,N,N,N,N,N,N,N,N,112,natural
Bombpussay,Y,N,N,N,Y,N,N,Y,N,ahz2kz,N,N,N,N,Y,Y,Y,Y,840,natural
klilly_94,Y,Y,Y,N,Y,N,N,Y,Y,a6gats,N,N,N,N,N,Y,Y,N,3926,natural
post-june,N,N,N,N,N,N,N,N,N,asix18,N,N,N,N,N,N,N,N,15,natural
problematic_bitch,Y,Y,N,Y,Y,N,N,N,N,aadpmj,N,N,N,N,N,N,Y,Y,255,natural
Dead-eyed-doe,N,N,N,N,N,N,N,N,N,aprbhz,N,N,N,N,N,N,N,N,4,natural
RandomRedditUser1337,Y,Y,Y,Y,Y,Y,Y,Y,N,aqk7qg,N,N,N,N,Y,Y,Y,Y,156,natural
rbccrmsy,N,N,N,N,N,Y,Y,Y,N,a8yihg,N,N,N,N,N,Y,Y,Y,2323,natural
brolwats,Y,Y,N,Y,Y,N,N,Y,Y,aeqi61,N,N,N,N,N,Y,Y,Y,81,natural
musicalattes,Y,Y,N,N,Y,Y,N,Y,N,aq8uyb,N,N,N,N,N,Y,Y,Y,24,natural
SarahIsSoCoolLike,N,N,N,N,N,N,N,N,N,ak4k7y,N,N,N,N,N,Y,Y,N,741,natural
ge3e3rald,N,N,N,N,Y,N,Y,N,N,aml5js,N,N,N,N,Y,Y,N,N,553,natural
Haileyannn1234,N,N,N,N,N,N,N,N,N,aokzkh,N,N,N,N,N,N,N,N,5,natural
SickeningSabra,N,N,N,N,N,N,N,N,N,atmjr8,N,N,N,N,N,N,N,N,86,natural
capaldis,N,N,N,N,N,N,N,N,N,asdt68,N,N,N,N,N,N,N,N,0,natural
tiddymctitface,Y,Y,N,Y,Y,N,N,Y,N,apguek,N,N,N,N,N,Y,N,N,175,natural
Maybe_Factor,N,N,N,Y,N,N,N,Y,Y,aoq0rb,N,N,N,N,N,Y,N,Y,55,natural
etraa,Y,Y,Y,Y,Y,N,N,N,N,a7slkg,N,N,N,N,N,Y,Y,Y,2370,natural
trufflemouse90,N,N,N,N,N,N,N,N,N,apxyzz,N,N,N,N,N,N,N,N,19,natural
brookebrookebrookek,N,N,N,Y,Y,Y,Y,N,N,ab1xk6,N,N,N,N,N,Y,N,N,41,natural
lostmyfluff,Y,N,N,Y,Y,N,N,Y,N,a4ehio,N,N,N,N,N,Y,Y,Y,4952,natural
laurenmonzon,Y,N,Y,N,Y,N,N,N,Y,ajnkzm,N,N,N,N,N,Y,Y,Y,26,natural
snoke138,N,N,N,N,Y,N,N,Y,N,ak4pyw,Y,N,Y,N,N,Y,Y,N,38,natural
Annaeklund5,Y,Y,Y,Y,Y,N,N,Y,N,aezb55,N,N,N,N,N,Y,Y,N,654,natural
shelbyspilker,Y,N,N,N,Y,Y,Y,Y,N,a6vffa,N,N,N,N,N,Y,Y,Y,2672,natural
swagtasticmctastic,Y,N,N,N,Y,Y,Y,N,Y,aac6fs,N,N,N,N,Y,Y,Y,N,138,natural
abeattie4,N,N,N,Y,N,N,N,Y,N,at4nc8,N,N,N,N,N,Y,N,Y,11,natural
Fidne,Y,N,N,N,N,N,N,Y,Y,akv9yh,N,N,N,N,N,Y,Y,N,23,natural
twocatsmcgee,Y,N,N,N,N,N,N,N,N,aryeg9,N,N,N,N,N,N,N,N,21,natural
savageexplosive,Y,N,N,N,N,N,N,Y,Y,a6n2sm,N,N,N,N,N,Y,Y,N,144,natural
notbeckyqueen,N,Y,N,N,Y,N,Y,Y,Y,afa5t5,N,N,N,N,Y,N,Y,N,24,natural
